71027,Cariotta,McAmish
33906,Elspeth,Tunaclift
15308,Sylvia,Rospars
78954,Zuzana,Jacquemet
14659,Fransisco,De Bruijne
23793,Alonso,Shelton
53791,Cazzie,Raccio
85811,Guillema,Donan
65196,Gail,Kloser
68575,Darcie,Rigmond
10394,Loraine,Wastie
26482,Bord,Yirrell
66382,Catina,Belhomme
73978,Ellissa,Puttan
55687,Yetta,Seleway
64747,Nixie,Ide
67709,Jackie,Crichmer
46724,Chrisse,Halston
91185,Sarina,Rickcord
59083,Cassaundra,Adanez
79634,Manfred,Beckhurst
65165,Daniel,Sandercock
69203,Isadora,Vanyukov
22848,Angelico,Tape
53961,Gordy,Ullett
55314,Sig,Londsdale
95976,Hilarius,Toffaloni
83129,Crosby,Loines
63955,Ellen,Schild
13264,Mano,Petett
80175,Cary,Honeyghan
13918,Dame,Buckenhill
81075,Rubin,Anster
79418,Filippo,Cosley
53189,Selina,Barthelet
14271,Gunar,Clutten
62365,Gibbie,Erie
96246,Ulrike,Doy
98713,Dulcia,Trethowan
45495,Ianthe,Faust
15004,Trip,Dahmel
97741,Theodoric,Canto
85643,Walden,Bark
59094,Hillier,Robilliard
41823,Margi,Mann
74474,Mohammed,Pask
14491,Collie,Colclough
79966,Mattheus,Burris
47129,Sim,Burrell
41339,Barny,Gamett
33494,Morie,Pala
15932,Karlik,Maybey
45838,Nerita,felip
34994,Kariotta,Boothroyd
22239,Alfy,Coale
48075,Elberta,Nawton
65411,Abigail,Goundry
81931,Renate,Tupie
54055,Diann,Berthel
16048,Dorelle,Tickel
46974,Felicity,Trett
44367,Prue,Harnett
25034,Fernanda,Kurdani
53203,Gregoor,Rosso
99457,Bail,Crimp
49212,Adoree,Downton
40619,Arly,Staveley
75733,Shelton,Alcock
43922,Ewen,Trew
90660,Godart,Dawe
52933,Rafi,Leatham
88688,Concordia,Parmley
55543,Nikolos,Cant
52088,Gianni,Goodswen
78938,Jefferey,Chesshire
66339,Tobe,Storrier
73019,Gelya,McCree
23686,Allie,Crane
51790,Margaret,Whitehall
11845,Lexy,Maggorini
12413,Gustave,Mattsson
72450,Roselia,Garment
56739,Amelina,Henzley
29730,Joby,Marthen
57275,Phylys,Barta
39712,Sherline,Delbergue
77107,Vite,Gallifont
45657,Zelma,Clemmey
83477,Marthena,Fitch
44570,Debbi,Molineaux
85554,Delora,Titman
65322,Francyne,Clink
27364,Daniella,Pegram
31102,Nicolina,Shivlin
70306,Ramsay,Esmonde
92182,Abbey,Founds
50409,Jamie,Twine
54912,Ancell,McAllister
66965,Randie,Jeayes
45061,Stafani,Rohlfing
86271,Irita,Cote
18628,Eva,Oulner
51710,Gaile,Aizikovitz
30989,Rachelle,Ajsik
99439,Buddy,Kirsch
32892,Elvyn,Roderham
63274,Chantalle,Podbury
76986,Anjela,Coils
12911,Hildy,Nussen
15421,Elaina,McNicol
23320,Maximilian,Aujean
55679,Trina,Hafford
68366,Massimo,Coombes
98236,Mario,Rouff
60523,Sterling,Bytheway
57850,Keven,Syddall
64671,Goldy,Streetfield
93763,Terence,Kardos
93432,Hildagard,Boik
62638,Norry,Limpenny
93362,Perry,Goter
18847,Raf,Brame
30245,Cloe,McVity
19982,Michell,Finby
44418,Brose,Bech
39222,Maxy,Giacopini
31428,Mozelle,Purchase
54451,Jill,Deesly
43712,Anthea,Gilchrest
56330,Gerti,Holtham
76183,Adelaida,Silber
51245,Collette,Cosslett
22952,Noemi,Ecles
70121,Gwennie,Rambaut
98734,Lonnard,Sollner
58176,Bertine,Mumm
37526,Dewitt,Castillon
17760,Erma,Glencrash
15760,Riobard,Yeldon
77633,Ondrea,Dilston
86813,Sheppard,Spiring
56284,Alexine,Erni
48460,Tani,Leport
50582,Filide,Westoll
34315,Anabelle,Vella
51783,Heda,Ridde
36945,Donnie,Aggett
52285,Burlie,Michelin
53550,Weider,Acton
33792,Hillery,Hughland
37643,Sholom,McFadzean
78176,Rafaello,Blackstock
57757,Jenda,Lathbury
22931,Charmion,January 1st
92448,Bonnee,Ferrant
27293,Bradley,Dorn
17892,Yank,Enston
77029,Carolynn,Guillart
42987,Armand,Thurborn
35739,Godfrey,Axon
64925,Sherline,Spillman
39263,Leta,Krzysztof
47064,Nico,Conaboy
92678,Duncan,Huzzay
14226,Wynne,Inkles
96028,Debera,Awin
90637,Hyman,Luxon
30237,Josefa,Klimontovich
43445,Jacintha,Pautot
95523,Ingelbert,Jura
17657,Ambrosi,Warke
91500,Silvana,Lesek
45442,Ethelbert,Bramsom
93297,Scot,Nesey
55246,Ly,Tassell
31422,Lind,Morville
99016,Annmarie,Offer
23775,Reuben,Soldi
12766,Leisha,Orta
59224,Tommy,Rickarsey
25126,Omero,Renfree
46451,Demetre,Fforde
35198,Shanon,Daniell
83747,Adan,Bockmaster
89466,Ezechiel,Abramski
90353,Elbert,Shewry
42001,Michaeline,Harding
24146,Queenie,Willcott
88035,Tudor,Behrendsen
44983,Murry,Hurley
29300,Rafi,Bantham
49735,Derril,Heninghem
72726,Roxane,Ponton
34145,Jessie,Grafom
97830,Micky,Steele
95235,Marvin,MacRonald
61150,Lurette,Switsur
58062,Juliette,Dulwitch
98670,Dale,Georgeau
49530,Etty,Askew
88687,Rob,Pickthall
91010,Saba,Maris
66023,Karl,Dehn
11173,Faber,O'Ferris
74761,Monroe,Addinall
21218,Berni,Albasini
55726,Norton,Seccombe
49888,Jacob,Marston
28661,Vivi,Storah
74084,Evin,Petras
12499,Reed,Sisse
51112,Deeyn,Haberfield
52785,Jethro,William
35287,Morie,Davidai
54366,Sallyann,Swallwell
36939,Dorrie,Auguste
56192,Amos,Crocket
26466,Kathie,McGurgan
43558,Gerick,Ryal
31175,Heloise,Corkish
77033,Woodie,Wiz
82785,Cacilie,Stodit
25105,Anders,Orwin
15638,Ysabel,Scoffham
81565,Pyotr,Decker
42711,Nolana,Owthwaite
96146,Rogers,Joselevitch
90653,Flor,Wortt
83762,Leland,Baskeyfied
98861,Bernadine,Girault
76945,Delcine,Raymond
54968,Tilly,Gaunter
79897,Brenda,Scarlett
66013,Nedi,Welfair
59645,Elnar,Scarre
45585,Claudia,Muckian
50544,Ernesta,Fiennes
26639,Sheppard,Abrams
19134,Constantina,McCready
27931,Archibaldo,Stoute
47734,Alyce,de Keep
16068,Chelsie,Parnell
36535,Adolf,Ommundsen
97729,Kiel,Collins
49981,Cicily,Churchward
43569,Benjamen,Tarquini
90855,Maximo,Gargett
72087,Bax,Beane
11509,Powell,Chainey
89623,Marcellus,D'eye
12508,Perri,Clayworth
30858,Justina,Schohier
20523,Livvie,Haldenby
40956,Thorin,Gile
70971,Reynold,Pentercost
92046,Ivan,Minerdo
30164,Cherry,Liepina
60477,Batsheva,Meriott
73478,Velvet,Adicot
17792,Angy,Wimpeney
69459,Damita,Chrestien
71695,Lee,Smerdon
51442,Gannie,Mee
93877,Dillie,Cassar
55495,Woodman,Westnedge
95129,Sissy,Lesley
67323,Allegra,Golston
28429,Yolanthe,McDonell
45151,Stephana,Cubitt
95333,Ardelis,Brawson
17765,Eloisa,Totman
13445,Daveta,Niblock
23310,Skip,Ridder
96680,Angelita,Paige
42635,Perrine,Andree
22629,Barn,Coulthurst
51567,Jacqui,Chainey
13185,Osborne,Snowden
69952,Lanni,Duding
34677,Florrie,Jobbings
13963,Micky,Tennick
61926,Sofie,Atter
83718,Ivett,Garrit
16628,Clayborne,Armatidge
13005,Ashley,Beccera
96772,Augustina,Knowler
66595,Greta,Toy
42239,Donaugh,Ferries
48218,Papageno,Pancoast
95855,Lorin,Maun
55590,Euell,Santon
80267,Sayre,Orans
18728,Eba,Camplejohn
94845,Keelby,Cervantes
29863,Claude,Clemetts
92934,Lanita,Swindles
35815,Winnie,Sandall
61459,Woody,Monkman
13061,Cornie,Bountiff
95244,Geno,Greene
54322,Hilarius,Iacoviello
28019,Dorthy,Lynnitt
87968,Thorsten,Ethersey
80593,Johan,Bracknall
20993,Ervin,Perkis
92424,Masha,Fireman
14687,Ayn,Turnell
49580,Garreth,Gamell
41965,Eziechiele,Bouch
81493,Ryon,Leal
55341,Caesar,Farnfield
33752,Bryanty,Erbain
17451,Dorotea,Nuzzti
85651,Timoteo,Hawkins
51679,Silvio,Uridge
46368,Rosa,Lippitt
75962,Celina,Heisler
62364,Darb,Priscott
85456,Rodrick,Watts
83650,Rip,Terbeek
33812,Estevan,Nugent
68203,Petey,Gobbet
38585,Conchita,Caban
41344,Armand,Crich
37349,Lynnett,Bezemer
38532,Wilek,Muttitt
32078,Ulrikaumeko,Scheffler
55077,Obadiah,Lewer
16868,Jerrilyn,Elkins
92423,Sissy,Muncey
47655,Flora,Byrne
82968,Betteann,Kinnerk
34288,Filmore,Dominico
70313,Jacquette,Chisolm
17808,Gordy,Hawkins
29359,Jerrie,McInteer
83457,Inez,Tupp
34796,Carlota,Blandamore
53247,Sax,Mellish
95701,Willi,Jacqueme
95312,Janean,Yarnold
54552,Montague,Jeffray
83967,Obie,Malbon
81158,King,Zink
90593,Marguerite,Damsell
64738,Bobby,Sopp
90995,Ax,Banton
27093,Drugi,Sherbrook
51158,Sean,Hablet
87286,Kaja,Chason
27191,Fae,Walklett
93957,Lancelot,Fieldsend
90247,Terrie,Sterling
83882,Leona,MacEveley
38938,Beverlee,Lanceley
80130,Giulia,Boggs
51208,Camey,Bordiss
13367,Bryant,Brassill
60250,Turner,Gotobed
25923,Korie,Angless
28300,Sigismundo,Simes
30958,Lanny,Teasey
82342,Waldemar,Shortcliffe
16961,Ban,Harbin
25983,Carline,Savin
90127,Amii,Antonescu
13294,Jens,Bilsland
54431,Lucienne,Attle
96569,Madella,Bulger
41985,Gene,Goodbourn
42644,Ulises,Tocqueville
54800,Aylmar,Mazin
19485,Linnell,Cicero
74375,Lani,Housbie
32059,Tobey,Robrow
25930,Claudine,Avory
25126,Daphene,Loughlan
63442,Teodoor,Persian
67863,Ferrell,Haxley
32709,Dud,Vittore
19187,Jorie,Canton
67659,Harrison,Burgher
21650,Thorndike,Suttell
42403,Smitty,Brothwell
50948,Saraann,Ferraretto
93465,Ferris,Ogelsby
95812,Peyter,Cowoppe
42400,Deloria,Alleburton
77775,Cob,Dunphie
32185,Caye,Sinkin
69535,Sanford,Coghill
90207,Winna,Whipp
45897,Baron,Izatt
89037,Abramo,Grosvener
50457,Ashia,Dwire
36540,Breena,Andreia
49902,Madlin,Maffioletti
12298,Keir,Fellow
32787,Hanny,Swanson
78914,Shelia,Slight
16882,Brannon,Fitzjohn
41747,Ann,MacCurtain
47228,Forster,Aldin
41643,Somerset,Lefwich
30732,Ethelyn,Ganders
47046,Cacilie,Lealle
64634,Morton,Fossett
30133,Mehetabel,Husthwaite
34359,Wilie,Bullivant
74853,Quinlan,Loy
33194,Giuditta,Povlsen
14750,Becka,Attwell
72231,Aharon,Jedraszek
62583,Kaylyn,Duffet
16067,Nikolos,Sitford
63367,Oates,Ciccarello
57509,Arvin,Bottjer
88594,Patsy,Riseam
76309,Hale,McVey
94856,Johannah,Baldacchi
34771,Shantee,Tuft
77629,Fin,Larkworthy
65212,Gabriella,Summerell
35170,Jocko,Lamey
23281,Aleece,Gubbins
70193,Tommy,Bricksey
17049,Fred,Sivorn
48148,Lorene,Emblen
57884,Cort,Creelman
46094,York,Phil
21248,Urbano,Tims
34444,Aldridge,Bradden
41999,Casey,Lardeur
43638,Shelia,Silberschatz
88015,Terra,Murkin
30520,Farly,Harle
88117,Marve,Brann
76450,Ulberto,Wyborn
20143,Lamond,Brinson
26555,Elbert,Tibbits
55378,Dilly,Shatliff
76911,Skippy,Curryer
92683,Cicily,Groven
41691,Ileana,Story
51400,Doy,Tschierse
48897,Giulia,Apthorpe
21979,Morgan,Blenkinsopp
96112,Taryn,Creevy
24947,Addison,Harflete
37032,Burton,Tweed
21915,Aryn,Meace
41294,Biddy,Lansbury
56415,Annice,Barns
31453,Krissy,Kirkam
72845,Harv,Hasney
13327,Maressa,Mingame
97779,Leah,Luis
55644,Modestine,Snawden
59498,Garth,Stangoe
50326,Friedrich,Kellie
18828,Reeta,Blacket
97513,Florence,Grimwade
48182,Charissa,Columbell
78017,Damaris,Blaycock
48916,Frazer,Kitchingham
77133,Matt,Dabels
99083,Caye,Kidwell
10807,Tonnie,Twitty
60061,Eb,Ramsted
83591,Pietro,Giacopello
54969,Phaidra,Saywood
53280,Justin,Andriesse
10026,Halette,Southcomb
76797,Nancee,Lamburne
26424,Chrystel,Wannan
32623,Patton,Studd
63005,Mordy,Hanaford
61431,Kayle,Biford
52778,Kimble,Kenforth
68865,Bryon,Hassur
45664,Alejandro,Kollatsch
22986,Twila,Pratten
35121,Iolande,Killoran
38499,Justin,Kharchinski
34905,Ingaborg,Crippes
84091,Seumas,Iwanczyk
57744,Manya,Gillet
14361,Tripp,Dog
59479,Northrup,Ziebart
40868,Fredric,Raper
35327,Judye,Youle
31845,Kilian,O'Keeffe
68996,Stacee,Schroeder
98331,Natalya,Featherston
92212,Nikoletta,Dixson
14181,Andrea,Garraway
82585,Cobbie,Surmeyers
14063,Maurita,Lodewick
26793,Celle,Vineall
19365,Urbano,Edkins
67539,Giacopo,Khomin
91687,Anastasia,Ellesworth
78080,Amitie,Hentze
42970,Beilul,Balch
85103,Early,Guiett
36970,Aida,Pollok
43019,Cordie,Clulee
47055,Camey,Southorn
50190,Hadleigh,Derington
97316,Deborah,Davenell
39831,Nickie,Querree
70166,Clywd,Tremollet
95067,Prissie,Tocher
71412,Rita,Biggans
24523,Charita,Enden
59665,Onida,Simper
15453,Honey,Luckett
41334,Eric,Groger
55342,Filmore,Kerner
77460,Maure,Norcock
28894,Lexy,Silley
67802,Herculie,Claxton
14900,Barthel,Allonby
69444,Sarge,Bernaldez
52380,Mair,Trye
48555,Pembroke,Kepp
62658,Noby,Freezor
92370,Griselda,Belliard
74087,Mireille,Durning
57877,Shelbi,Lowdyane
35415,Leroy,Vondrasek
23304,Dunc,Duggen
63957,Far,Fulop
39642,Warden,Kincey
11715,Graeme,Jobbins
45995,Charisse,Probert
14943,Jeremias,Bartoszek
53157,Hamish,Oneal
54087,Gery,Orrobin
12433,Grissel,Booi
21134,Katerine,Zupone
89472,Caspar,Corradengo
51590,Van,Twaite
36148,Heindrick,Wims
92251,Hallsy,Maryet
33254,Thomasin,Regardsoe
63952,Jeanelle,Franca
40441,Murielle,Obal
54223,Darla,Rowett
84793,Hester,Fursland
21809,Hamid,Arrigo
96601,Pen,Stolle
35065,Bryon,Catto
36463,Belvia,Cumesky
93328,Upton,Birrane
25491,Abba,Domniney
91872,Julian,Sedwick
43258,Berte,Fessions
49641,Umberto,Fearenside
72300,Edward,Stathor
64320,Reggie,Heathcoat
32399,Karrie,Allmond
19664,Edi,Eighteen
27889,Neron,Merriman
11168,Dania,Keedwell
11072,Ariella,Ledamun
70421,Ki,Lukas
70818,Timi,Tremolieres
44430,Grover,Redwood
97110,Gill,Heymann
54459,Ammamaria,Brayford
35838,Kendricks,Tibbetts
48403,Tris,Auletta
71171,Petra,Vatcher
55835,Minnie,Ygo
61926,Grethel,Wordesworth
56900,Obediah,Pollicote
71403,Danell,Mapother
90982,Hannis,Arnaez
50272,Rockie,Getley
80969,Noella,Djokic
53324,Elinor,Geake
33558,Goraud,Rayner
46966,Janaye,Kunzelmann
11172,Georgianna,Ferrelli
77608,Wilie,Bachura
99677,Brendis,Tibols
52557,Alana,Spurgin
17915,Ronni,Wittier
97958,Hewitt,Filer
33349,Sylas,Semorad
23471,Elena,Duddan
34377,Harris,Cafferty
49354,Friederike,Fandrich
35507,Wyndham,Towne
71492,Ilaire,Rentelll
65900,Andros,Van Vuuren
61593,Drucill,Grigorushkin
69473,Baldwin,Weatherell
34437,Libbie,Stuther
64098,Rinaldo,Laba
98015,Ofilia,Jevon
94940,Vivi,Gynne
24788,Krystal,Piscopo
86218,Belle,Heistermann
96882,Francois,Middis
57280,Lewie,Braunds
84847,Trixie,Ferro
71117,Courtnay,Greenwood
60032,Ottilie,Scamwell
92876,Jerrine,Dacks
75879,Anallese,Brognot
90327,Samuel,Yoell
79329,Palmer,Fonso
39130,Dominica,Seymour
44569,Cello,Yea
79379,Francene,Barley
67641,Brantley,Ekkel
50859,Tulley,Okenfold
40221,Suzi,MacPaden
48644,Laney,Walbrun
66245,Nevsa,Broxholme
23931,Dukey,Argo
34719,Dyana,Dederich
29067,Herc,Loreit
87309,Aron,Keller
18413,Raff,Tripet
78589,Barbie,Dangerfield
86812,Dena,Wesson
37876,Delphinia,Christophersen
50507,Emanuel,Karpf
77180,Arleyne,Whall
34187,Millie,Ingold
38458,Cirillo,Benjefield
55461,Yehudit,Adami
39956,Chaddy,Cromie
38173,Conway,Andresser
60564,Jacinda,Awde
90281,Oralle,Duigan
40356,Thorsten,Kording
91729,Sam,Jullian
14138,Dalila,Drakes
97771,Brena,Clampett
14134,Sofia,Herkess
55104,Winna,Izkovitch
73515,Hyacintha,Orme
84918,Caesar,Bownes
85154,Welbie,Kipling
69672,Shaine,Yuryatin
93691,Courtney,Hubner
28126,Guss,Buckam
92922,Lenore,Stannah
42628,Maryanna,Bolle
13117,Delcina,Heskins
11028,Rosmunda,Yearne
65393,Frederich,McVittie
36901,Darda,Garford
35298,Dale,Bonifacio
50031,Gaultiero,Bohike
71190,Irvine,Pavy
67555,Claire,Petican
24760,Reina,Caffin
39622,Fern,Spain
27895,Toni,Tissington
85199,Rosie,Gerault
62269,Hurley,Boast
26268,Mahmoud,Pauleit
83188,Brien,Dunkerley
62196,Alf,Dufoure
59957,Marney,Flawith
30128,Lamar,Hunn
26787,Abraham,Boughtwood
19497,Sherye,Giacomo
30685,Alexei,Reglar
53718,Baudoin,Poskitt
72372,Rodney,Sandiland
32622,Mignon,Lawleff
45529,Artemas,Radmer
27509,Merlina,Zold
19248,Timmy,O' Bee
40209,Casandra,Philler
71915,Damara,Kornyshev
39918,Mildrid,Mannooch
81336,Gayle,Swenson
29132,Catherine,Howett
16996,Bertram,Rymour
36812,Humfrid,Tine
84073,Xylia,Ash
89044,Janeva,McManus
92299,Cathryn,Aslett
23036,Jessie,Holworth
69820,Parsifal,Lyffe
79998,Sidney,Geggie
49170,Justin,Guiett
94146,Rubin,Silbert
34575,Emmi,O'Cridigan
55348,Imelda,Doornbos
71479,Bealle,Last
35594,Cass,Stockbridge
19087,Karalynn,Cuthill
51372,Dolley,Nevinson
11809,Puff,Springell
73978,Tripp,Neachell
95184,Les,Boyse
27082,Bari,Clunan
43656,Vilma,Pinar
34198,Fionna,Gosselin
40141,Athene,Igo
63236,Chick,Taffe
46110,Susannah,Hartop
65523,Maudie,Rijkeseis
50061,Christian,Goman
29637,Renato,Damsell
27705,Shelden,MacKimmie
91025,Gilberte,Bastable
94101,Wilow,Twitching
71011,Ludovika,Boxen
49292,Connor,Benck
44061,Clarine,Cheshire
42004,Sibyl,Quin
75917,Ludovika,Crigin
39529,Pate,Booi
80495,Chastity,Batchelour
99839,Perrine,Krysztowczyk
23234,Gaby,Parade
35589,Verne,Graveson
30150,Cristobal,Sonschein
55142,Ardys,Woollons
25866,Robbert,Kirtlan
61811,Trip,Dalgetty
16588,Joelle,Marle
23669,Odetta,Stothart
32417,Willdon,Deevey
75955,Nicholle,Goodbanne
74039,Cherri,Fortun
98629,Juliet,Stolberg
73680,Grantley,Hanaby
12655,Sandie,Yurevich
74327,Milly,Fanstone
53440,Dario,Calam
14657,Witty,Cobby
49195,Adamo,Dresser
97148,Clarke,Karpenko
76148,Dexter,Fleischmann
30984,Kaylil,Curme
22638,Doretta,Champagne
33014,Idaline,Anespie
78740,Jeffy,Carlett
64726,Tiffy,Mein
27099,Titos,Cucinotta
48767,Domenico,Thelwll
42762,Noah,Le Houx
91340,Giffie,Eliet
88052,Ebenezer,Tipperton
23417,Doyle,Seiffert
54761,Risa,Teissier
81554,Joshia,Lebell
95418,Spike,Chevins
56113,Hurleigh,Phil
81895,Derrick,Buddleigh
79319,Clarice,Gally
79842,Jada,Oleszcuk
85212,Erma,Tixall
82681,Christean,Counihan
72042,Palm,Currington
75227,Alicea,Garrelts
39610,Hermann,Bythway
46225,Pearla,Cawtheray
29515,Denise,Bessey
41106,Weylin,Pendrid
45010,Nancee,Rawson
56853,Corine,Lacelett
21791,Conrade,Prichard
94822,Reina,Frogley
77683,Ruddie,Regi
74611,Vyky,Grogor
59076,Teddie,Boame
89244,Griffy,Gaspar
81795,Issiah,Buckell
35963,Victor,Creffeild
98670,Kit,Ramel
42882,Darn,Powton
64004,Iolanthe,Raimbauld
65172,Arlie,Gimert
12522,Baxter,Endicott
38354,Gerald,Memmory
31289,Yetty,Lescop
84389,Carissa,Carbonell
53899,Melesa,Anstey
44659,Ogden,Dominico
21587,Octavius,Janzen
85917,Marcela,L'argent
46821,Julita,Daughtery
80186,Gwenni,Beazley
15323,Odele,Larmour
65103,Keefe,Sibthorp
38208,Barn,McChesney
90701,Steffane,Abrey
31448,Maurita,Wadly
69388,Eugen,Volage
50127,Roanna,Philippsohn
50545,Erin,Smallcomb
39468,Adina,Ellings
20165,Addison,Stoggles
43361,Killian,Greave
39011,Hamid,Maruska
77794,Norby,Heater
86877,Roselia,Binch
92099,Kinsley,Rawson
44876,Clareta,Odeson
52004,Huntley,Dungey
80068,Zarah,Calderon
69845,Alikee,Holdworth
45785,Angelo,Hembry
48072,Yuri,Palumbo
29153,Marget,Verty
90572,Griz,Bartoszewicz
20227,Zeke,Arangy
69593,Jo,Tinkler
19073,Adelaida,Ege
77940,Ty,Massenhove
92405,Ginnifer,Maffioni
88236,Joyann,Thick
77404,Lynnell,Dyos
67864,Kinnie,Brunone
87861,Ilyse,Towell
66867,Ches,Ganderton
83953,Ricardo,Macauley
58091,Chlo,Ramsdale
50677,Vivianna,Brightwell
29422,Agosto,Trickey
55564,Wynny,Yanshin
93797,Betty,Fallis
61000,Maryanne,Malafe
11063,Kaspar,Leibold
76817,Joy,Aisthorpe
30436,Hailey,Summerson
48297,Adorne,Beuscher
42180,Trista,Dorre
67181,Wiley,Pay
47310,Erin,Krzyzanowski
77585,Micky,Pocklington
25842,Jamil,Dell'Abbate
87762,Goraud,Mosedale
60986,Bennie,Lowther
73079,Austen,Levin
54466,Alana,Pickburn
81591,Corrianne,Semiras
35619,Gustavo,Langran
30764,Odelle,Benam
77552,Janel,Orsman
55946,Franzen,Oxteby
63966,Dru,Drysdall
51238,Eleanora,Roubeix
15572,Esme,Dukes
78696,Rubin,Gatheral
10315,Samuel,Longridge
50996,Florenza,Benech
28358,Dalis,Curphey
69661,Tove,Newens
72883,Orlando,Matchitt
74709,Felipe,Metrick
22788,Catarina,Decaze
30489,Olly,Anthoney
85574,Cordie,Cattellion
41942,Angelia,Newcome
59261,Cynthie,Blackater
81700,Eloise,Gertz
37648,Quint,Castiello
93301,Curran,Clapston
14934,Cordey,Rowan
10626,Melba,Bricksey
79581,Rhodia,Dennant
70859,Renard,Everton
38114,Sonnnie,Langshaw
38204,Jacenta,Kainz
78149,Faustine,Grigoroni
33830,Rex,Grabiec
81020,Rebeca,Crystal
90804,Oliy,Barkway
16683,Bessie,Geaney
19695,Gwenny,Gledhill
79015,Oralle,Climson
53877,Griswold,Kubyszek
55549,Mariette,Biggen
96527,Archie,Burdekin
78725,Henrietta,Smales
13540,Brannon,Ethridge
76531,El,Trowill
20230,Lin,Goering
68671,Ray,Brunning
56937,Christie,Baldetti
20299,Leonidas,Engel
75760,Kamillah,Bourdis
68746,Raymond,Huntriss
60786,Lisette,Arend
78335,Petey,Laughnan
51278,Bronson,Goldwater
99029,Alberta,Fidler
23287,Alden,Grinishin
87333,Felita,Phizackerly
17071,Gaylene,Lauret
30853,Cherlyn,Pieracci
28772,Gibby,Adame
17368,Klemens,Giacoppo
33887,Antonio,Plumbley
54916,Woody,Lightbown
56610,Allin,Scini
48437,Massimiliano,Gales
35187,Marcia,De Lorenzo
26872,Chaddy,Hanscombe
61900,Devinne,Gotling
33400,Hoyt,Ruusa
32268,Lyndsay,Polly
10056,Rosalind,Mowsdale
38060,Alvan,Claughton
41016,Mufinella,Whimp
33768,Cherri,Cund
41134,Dewie,Lukesch
13413,Ursula,Orniz
13702,Nate,Estcourt
33650,Jervis,Stickler
31695,Filbert,Barsham
62022,Jana,Bellhouse
34670,Karrah,Beesley
68817,Tabbie,Petto
32047,Melodee,Peepall
71444,Thomasin,Pietrusiak
72581,Sascha,Cudmore
17745,Jolee,Lever
69136,Lib,Satch
81267,Alejandra,Caudray
14183,Hildegaard,McKaile
23779,Kirsteni,Duff
30658,Martha,Plevey
61819,Blake,Caws
72549,Dalt,Yitzhakov
49125,Hanson,Skuse
52953,Rube,Baptist
71484,Viola,Tattershaw
10489,Jenelle,Jedrachowicz
33491,Maurits,Abbie
33319,Moishe,Couper
93327,Ajay,Banck
86786,Ugo,Jepperson
94049,Virge,Mosey
97596,Jasper,Karolczyk
30804,Theresina,Glazer
94613,Saree,Ghiraldi
71165,Nananne,Redmore
82834,Bianca,Consterdine
97464,Colby,Milvarnie
41644,Norah,Gronowe
12121,Linzy,Audibert
29618,Umberto,Banfield
36481,Egor,Menendes
76854,Rolando,Mowles
65683,Ellerey,O Mullen
49672,Maggi,Hynes
42522,Bili,Vaun
42000,Garry,Lerhinan
57882,Harmon,Harcombe
31692,Layla,Maulkin
30236,Derwin,Rillstone
73623,Ariadne,Bottrill
85829,Malchy,Gabbatiss
83069,Beauregard,Bolino
27475,Bert,Rylance
18215,Virge,Okell
86187,Maximo,Athow
94049,Nerty,Edmund
66103,Byrle,Noirel
83343,Dolly,Stoves
53823,Agace,Chellingworth
26049,Felipe,Byass
52851,Moria,Tice
51091,Lanni,Klamp
88708,Arni,Stanbrooke
28867,Marybelle,Deegin
54013,Oren,Dagnan
80617,Hill,Bewly
51202,Monica,Blumfield
14929,Drugi,Brik
14244,Darice,Lammiman
78332,Prisca,Salamon
32060,Wallace,Patrone
58991,Kippie,Tevlin
63442,Clair,Taree
12070,Felice,Surmon
35665,Domenico,Dalbey
84513,Anastasia,Gerrit
80171,Abbott,Greenough
62913,Gert,Moodie
60277,Cahra,Ellse
91848,Kendall,Peacock
48150,Neilla,Semkins
54768,Darline,Dillimore
21096,Mirna,Grishakin
19626,Vick,Spadelli
91394,Trudy,Griffin
